Report Generation Time , 20_02_2014_13_50_04
Number Of Generation, Population Size, Offspring Population Size, LoadPenalty, RouteTime Penalty
100, 100, 100, 10.000000, 10.000000


Instance Name, Min, Avg, Max, Feasible 
benchmark/PVRP/p01, 561.529842, 585.379815, 626.334372, 2 
benchmark/PVRP/p13, 5370.093219, 5319.061369, 5322.295458, 1 
benchmark/PVRP/p32, 69696.509885, 70192.279410, 70409.069447, 0 
benchmark/PVRP/pr06, 9087.549859, 9154.959295, 9221.156258, 2 
