Report Generation Time , 19_02_2014_23_24_55
Number Of Generation, Population Size, Offspring Population Size, LoadPenalty, RouteTime Penalty
100, 100, 100, 10.000000, 10.000000


Instance Name, Min, Avg, Max, Feasible 
benchmark/PVRP/p01, 596.103951, 612.509757, 624.750343, 3 
benchmark/PVRP/p13, 5192.036157, 5785.262992, 5289.534310, 0 
benchmark/PVRP/p32, 66188.385388, 71144.553369, 68227.445074, 0 
benchmark/PVRP/pr06, 9063.850031, 9167.384640, 9215.756517, 1 
